{"Logistic Regression": {"accuracy": 57.14, "roc_auc": 0.5757, "fpr": [0.0, 0.0, 0.03375527426160337, 0.03375527426160337, 0.0379746835443038, 0.0379746835443038, 0.04219409282700422, 0.04219409282700422, 0.05907172995780591, 0.05907172995780591, 0.07172995780590717, 0.07172995780590717, 0.10970464135021098, 0.10970464135021098, 0.11814345991561181, 0.11814345991561181, 0.1729957805907173, 0.1729957805907173, 0.21940928270042195, 0.21940928270042195, 0.22784810126582278, 0.22784810126582278, 0.2320675105485232, 0.2320675105485232, 0.28270042194092826, 0.28270042194092826, 0.2869198312236287, 0.2869198312236287, 0.32489451476793246, 0.32489451476793246, 0.3291139240506329, 0.3291139240506329, 0.3670886075949367, 0.3670886075949367, 0.3755274261603376, 0.3755274261603376, 0.4092827004219409, 0.4092827004219409, 0.43037974683544306, 0.43037974683544306, 0.45569620253164556, 0.45569620253164556, 0.46835443037974683, 0.46835443037974683, 0.48523206751054854, 0.48523206751054854, 0.4936708860759494, 0.4936708860759494, 0.5063291139240507, 0.5063291139240507, 0.5189873417721519, 0.5189873417721519, 0.5274261603375527, 0.5274261603375527, 0.540084388185654, 0.540084388185654, 0.5443037974683544, 0.5443037974683544, 0.5780590717299579, 0.5780590717299579, 0.5949367088607594, 0.5949367088607594, 0.6033755274261603, 0.6033755274261603, 0.7046413502109705, 0.7046413502109705, 0.7341772151898734, 0.7341772151898734, 0.7383966244725738, 0.7383966244725738, 0.7890295358649789, 0.7890295358649789, 0.8818565400843882, 0.8818565400843882, 0.8945147679324894, 0.8945147679324894, 0.9282700421940928, 0.9282700421940928, 1.0], "tpr": [0.0, 0.017543859649122806, 0.017543859649122806, 0.03508771929824561, 0.03508771929824561, 0.05263157894736842, 0.05263157894736842, 0.07017543859649122, 0.07017543859649122, 0.14035087719298245, 0.14035087719298245, 0.15789473684210525, 0.15789473684210525, 0.17543859649122806, 0.17543859649122806, 0.24561403508771928, 0.24561403508771928, 0.2631578947368421, 0.2631578947368421, 0.2807017543859649, 0.2807017543859649, 0.2982456140350877, 0.2982456140350877, 0.3157894736842105, 0.3157894736842105, 0.3508771929824561, 0.3508771929824561, 0.3684210526315789, 0.3684210526315789, 0.38596491228070173, 0.38596491228070173, 0.40350877192982454, 0.40350877192982454, 0.42105263157894735, 0.42105263157894735, 0.43859649122807015, 0.43859649122807015, 0.45614035087719296, 0.45614035087719296, 0.47368421052631576, 0.47368421052631576, 0.49122807017543857, 0.49122807017543857, 0.5087719298245614, 0.5087719298245614, 0.543859649122807, 0.543859649122807, 0.5614035087719298, 0.5614035087719298, 0.5789473684210527, 0.5789473684210527, 0.5964912280701754, 0.5964912280701754, 0.6666666666666666, 0.6666666666666666, 0.6842105263157895, 0.6842105263157895, 0.7017543859649122, 0.7017543859649122, 0.7368421052631579, 0.7368421052631579, 0.7894736842105263, 0.7894736842105263, 0.8070175438596491, 0.8070175438596491, 0.8245614035087719, 0.8245614035087719, 0.8596491228070176, 0.8596491228070176, 0.8771929824561403, 0.8771929824561403, 0.8947368421052632, 0.8947368421052632, 0.9122807017543859, 0.9122807017543859, 0.9824561403508771, 0.9824561403508771, 1.0, 1.0], "confusion_matrix": [[143, 94], [32, 25]]}, "Random Forest": {"accuracy": 80.95, "roc_auc": 0.5802, "fpr": [0.0, 0.0, 0.0, 0.004219409282700422, 0.004219409282700422, 0.012658227848101266, 0.012658227848101266, 0.02531645569620253, 0.029535864978902954, 0.0379746835443038, 0.04219409282700422, 0.06751054852320675, 0.08438818565400844, 0.09282700421940929, 0.09282700421940929, 0.10970464135021098, 0.14345991561181434, 0.15611814345991562, 0.19831223628691982, 0.2109704641350211, 0.22362869198312235, 0.2742616033755274, 0.29957805907172996, 0.32489451476793246, 0.38396624472573837, 0.41350210970464135, 0.45147679324894513, 0.4936708860759494, 0.5274261603375527, 0.5611814345991561, 0.5907172995780591, 0.6286919831223629, 0.6708860759493671, 0.7172995780590717, 0.7383966244725738, 0.7848101265822784, 0.8227848101265823, 0.8565400843881856, 0.890295358649789, 0.8987341772151899, 0.9409282700421941, 0.9493670886075949, 0.9620253164556962, 0.9662447257383966, 0.9831223628691983, 0.9915611814345991, 0.9915611814345991, 1.0], "tpr": [0.0, 0.017543859649122806, 0.05263157894736842, 0.05263157894736842, 0.07017543859649122, 0.07017543859649122, 0.08771929824561403, 0.10526315789473684, 0.12280701754385964, 0.14035087719298245, 0.15789473684210525, 0.17543859649122806, 0.17543859649122806, 0.17543859649122806, 0.19298245614035087, 0.21052631578947367, 0.24561403508771928, 0.2631578947368421, 0.2631578947368421, 0.2807017543859649, 0.3157894736842105, 0.3333333333333333, 0.38596491228070173, 0.40350877192982454, 0.42105263157894735, 0.45614035087719296, 0.543859649122807, 0.5614035087719298, 0.631578947368421, 0.6842105263157895, 0.7368421052631579, 0.7543859649122807, 0.8070175438596491, 0.8245614035087719, 0.8421052631578947, 0.8596491228070176, 0.8596491228070176, 0.9122807017543859, 0.9298245614035088, 0.9473684210526315, 0.9649122807017544, 0.9824561403508771, 0.9824561403508771, 0.9824561403508771, 0.9824561403508771, 0.9824561403508771, 1.0, 1.0], "confusion_matrix": [[234, 3], [53, 4]]}, "XGBoost": {"accuracy": 77.55, "roc_auc": 0.5488, "fpr": [0.0, 0.0, 0.008438818565400843, 0.008438818565400843, 0.016877637130801686, 0.016877637130801686, 0.02531645569620253, 0.02531645569620253, 0.046413502109704644, 0.046413502109704644, 0.07172995780590717, 0.07172995780590717, 0.10970464135021098, 0.10970464135021098, 0.14345991561181434, 0.14345991561181434, 0.1518987341772152, 0.1518987341772152, 0.18143459915611815, 0.18143459915611815, 0.18565400843881857, 0.18565400843881857, 0.20675105485232068, 0.20675105485232068, 0.2320675105485232, 0.2320675105485232, 0.24472573839662448, 0.24472573839662448, 0.25316455696202533, 0.25316455696202533, 0.29957805907172996, 0.29957805907172996, 0.31223628691983124, 0.31223628691983124, 0.32489451476793246, 0.32489451476793246, 0.3459915611814346, 0.3459915611814346, 0.3670886075949367, 0.3670886075949367, 0.3755274261603376, 0.3755274261603376, 0.379746835443038, 0.379746835443038, 0.38396624472573837, 0.38396624472573837, 0.39662447257383965, 0.39662447257383965, 0.4345991561181435, 0.4345991561181435, 0.4641350210970464, 0.4641350210970464, 0.4810126582278481, 0.4810126582278481, 0.48945147679324896, 0.48945147679324896, 0.4978902953586498, 0.4978902953586498, 0.5527426160337553, 0.5527426160337553, 0.5654008438818565, 0.5654008438818565, 0.5738396624472574, 0.5738396624472574, 0.5780590717299579, 0.5780590717299579, 0.5822784810126582, 0.5822784810126582, 0.6033755274261603, 0.6033755274261603, 0.6118143459915611, 0.6118143459915611, 0.6582278481012658, 0.6582278481012658, 0.6624472573839663, 0.6624472573839663, 0.6708860759493671, 0.6708860759493671, 0.6919831223628692, 0.6919831223628692, 0.70042194092827, 0.70042194092827, 0.7215189873417721, 0.7215189873417721, 0.7763713080168776, 0.7763713080168776, 0.8185654008438819, 0.8185654008438819, 0.8481012658227848, 0.8481012658227848, 0.9029535864978903, 0.9029535864978903, 0.9071729957805907, 0.9071729957805907, 0.9156118143459916, 0.9156118143459916, 0.9493670886075949, 0.9493670886075949, 1.0],